id, opt1, opt2, response, time, threshold
1,b,d,f,1.82,0
1,c,d,f,3.982,0
1,c,b,j,5.398,0
1,b,a,j,7.203,0
1,d,c,j,9.286,0
1,a,c,f,10.737,0
1,c,a,j,12.595,0
1,a,d,f,14.235,0
1,d,b,j,15.863,0
1,d,a,j,17.366,0
1,b,c,f,19.47,0
1,a,b,f,21.161,0
1,a,e,f,23.424,0
1,e,b,j,25.954,0
1,e,c,f,28.171,0
1,d,e,f,30.398,0
1,f,d,f,32.747,0
1,a,f,f,34.994,0
1,f,c,f,37.21,0
1,f,b,j,39.736,0
1,f,g,j,42.821,0
1,h,i,f,46.006,0
1,j,k,j,49.191,0
1,l,m,j,52.276,0
2,b,d,f,1.488,0
2,c,d,f,3.255,0
2,c,b,j,4.733,0
2,b,a,j,7.09,0
2,d,c,j,9.572,0
2,a,c,f,11.528,0
2,c,a,j,13.021,0
2,a,d,f,14.687,0
2,d,b,j,16.169,0
2,d,a,j,17.582,0
2,b,c,f,19.148,0
2,a,b,f,20.886,0
2,a,e,f,23.138,0
2,e,b,j,25.439,0
2,e,c,f,27.888,0
2,d,e,f,30.032,0
2,f,d,f,32.297,0
2,a,f,f,34.506,0
2,f,c,f,36.755,0
2,f,b,j,39.018,0
2,f,g,f,42.203,0
2,h,i,j,45.388,0
2,j,k,f,48.573,0
2,l,m,j,51.758,0
3,b,d,f,2.679,0
3,c,d,f,5.364,0
3,c,b,j,6.892,0
3,b,a,j,9.168,0
3,d,c,j,11.787,0
3,a,c,f,13.418,0
3,c,a,j,15.008,0
3,a,d,f,16.441,0
3,d,b,j,17.958,0
3,d,a,j,19.273,0
3,b,c,f,21.133,0
3,a,b,f,22.848,0
3,a,e,f,25.182,0
3,e,b,j,27.468,0
3,e,c,f,29.758,0
3,d,e,f,31.924,0
3,f,d,f,34.245,0
3,a,f,f,36.516,0
3,f,c,f,38.627,0
3,f,b,j,41.172,0
3,f,g,j,44.257,0
3,h,i,f,47.442,0
3,j,k,f,50.527,0
3,l,m,j,53.712,0
4,b,d,f,1.737,0
4,c,d,f,3.704,0
4,c,b,j,5.767,0
4,b,a,j,7.735,0
4,d,c,j,9.514,0
4,a,c,f,10.976,0
4,c,a,j,12.626,0
4,a,d,f,14.296,0
4,d,b,j,15.921,0
4,d,a,j,17.534,0
4,b,c,f,19.096,0
4,a,b,f,21.742,0
4,a,e,f,24.09,0
4,e,b,j,26.745,0
4,e,c,f,29.11,0
4,d,e,f,31.254,0
4,f,d,f,33.478,0
4,a,f,f,35.824,0
4,f,c,f,38,0
4,f,b,j,40.325,0
4,f,g,j,43.41,0
4,h,i,f,46.595,0
4,j,k,f,49.68,0
4,l,m,j,52.865,0
5,b,d,f,1.428,0
5,c,d,f,3.18,0
5,c,b,j,4.824,0
5,b,a,j,6.669,0
5,d,c,j,8.623,0
5,a,c,f,10.446,0
5,c,a,j,12.02,0
5,a,d,f,13.589,0
5,d,b,j,15.356,0
5,d,a,j,16.879,0
5,b,c,f,18.309,0
5,a,b,f,20.296,0
5,a,e,f,22.592,0
5,e,b,f,25.677,0
5,e,c,f,27.883,0
5,d,e,f,30.42,0
5,f,d,f,32.568,0
5,a,f,f,34.698,0
5,f,c,f,37.682,0
5,f,b,j,39.893,0
5,f,g,f,43.078,0
5,h,i,j,46.263,0
5,j,k,f,49.448,0
5,l,m,j,52.633,0
6,b,d,f,1.707,0
6,c,d,f,3.915,0
6,c,b,j,5.488,0
6,b,a,j,8.514,0
6,d,c,j,10.93,0
6,a,c,f,12.458,0
6,c,a,j,13.981,0
6,a,d,f,15.519,0
6,d,b,j,16.873,0
6,d,a,j,18.014,0
6,b,c,f,19.83,0
6,a,b,f,21.838,0
6,a,e,f,24.066,0
6,e,b,j,26.558,0
6,e,c,f,28.877,0
6,d,e,f,31.237,0
6,f,d,f,33.454,0
6,a,f,f,35.557,0
6,f,c,f,37.789,0
6,f,b,j,40.084,0
6,f,g,j,43.169,0
6,h,i,j,46.254,0
6,j,k,f,49.439,0
6,l,m,f,52.524,0
7,b,d,f,1.542,0
7,c,d,f,3.903,0
7,c,b,j,5.207,0
7,b,a,j,7.026,0
7,d,c,j,8.936,0
7,a,c,f,10.433,0
7,c,a,j,12.058,0
7,a,d,f,13.684,0
7,d,b,j,15.122,0
7,d,a,j,16.662,0
7,b,c,f,18.39,0
7,a,b,f,20.615,0
7,a,e,f,23.122,0
7,e,b,j,25.398,0
7,e,c,f,27.682,0
7,d,e,f,29.868,0
7,f,d,f,32.047,0
7,a,f,f,34.485,0
7,f,c,f,36.734,0
7,f,b,j,38.963,0
7,f,g,j,42.048,0
7,h,i,j,45.133,0
7,j,k,j,48.218,0
7,l,m,f,51.403,0
8,b,d,f,2.279,0
8,c,d,f,3.997,0
8,c,b,j,5.682,0
8,b,a,j,7.948,0
8,d,c,j,10.251,0
8,a,c,f,11.638,0
8,c,a,j,12.97,0
8,a,d,f,14.527,0
8,d,b,j,15.895,0
8,d,a,j,17.64,0
8,b,c,f,19.454,0
8,a,b,NIL,21.536,0
8,a,e,NIL,21.621,0
8,e,b,NIL,21.706,0
8,e,c,NIL,21.791,0
8,d,e,NIL,21.876,0
8,f,d,NIL,21.961,0
8,a,f,NIL,22.046,0
8,f,c,NIL,22.131,0
8,f,b,NIL,22.216,0
8,f,g,NIL,22.301,0
8,h,i,NIL,22.386,0
8,j,k,NIL,22.471,0
8,l,m,NIL,22.556,0
9,b,d,f,2.169,0
9,c,d,f,4.204,0
9,c,b,j,6.038,0
9,b,a,j,8.035,0
9,d,c,j,10.01,0
9,a,c,f,11.5,0
9,c,a,j,13.287,0
9,a,d,f,14.981,0
9,d,b,j,16.78,0
9,d,a,j,18.259,0
9,b,c,f,19.852,0
9,a,b,f,21.565,0
9,a,e,f,23.741,0
9,e,b,j,26.008,0
9,e,c,f,28.331,0
9,d,e,f,30.497,0
9,f,d,f,32.764,0
9,a,f,f,35.34,0
9,f,c,f,37.511,0
9,f,b,j,40.103,0
9,f,g,f,43.288,0
9,h,i,j,46.473,0
9,j,k,j,49.558,0
9,l,m,j,52.643,0
10,b,d,f,1.771,0
10,c,d,f,4.036,0
10,c,b,f,6.209,0
10,b,a,j,8.534,0
10,d,c,j,10.483,0
10,a,c,f,12.291,0
10,c,a,j,14.188,0
10,a,d,f,15.632,0
10,d,b,j,17.3,0
10,d,a,j,18.69,0
10,b,c,f,20.893,0
10,a,b,f,22.727,0
10,a,e,f,24.98,0
10,e,b,j,27.17,0
10,e,c,f,30.355,0
10,d,e,f,32.537,0
10,f,d,f,34.682,0
10,a,f,f,36.992,0
10,f,c,f,39.349,0
10,f,b,j,41.983,0
10,f,g,f,45.168,0
10,h,i,j,48.353,0
10,j,k,f,51.538,0
10,l,m,f,54.623,0
11,b,d,f,2.231,0
11,c,d,f,3.997,0
11,c,b,j,5.791,0
11,b,a,j,7.347,0
11,d,c,j,9.177,0
11,a,c,f,10.763,0
11,c,a,j,12.077,0
11,a,d,f,13.58,0
11,d,b,j,15.022,0
11,d,a,j,16.85,0
11,b,c,f,18.247,0
11,a,b,f,20.094,0
11,a,e,f,22.368,0
11,e,b,j,24.586,0
11,e,c,f,26.867,0
11,d,e,f,29.22,0
11,f,d,f,31.759,0
11,a,f,f,33.919,0
11,f,c,f,36.511,0
11,f,b,j,38.959,0
11,f,g,j,42.044,0
11,h,i,j,45.129,0
11,j,k,f,48.314,0
11,l,m,f,51.399,0
12,b,d,f,2.3,0
12,c,d,f,4.627,0
12,c,b,j,6.194,0
12,b,a,j,8.354,0
12,d,c,j,10.573,0
12,a,c,f,12.13,0
12,c,a,j,13.893,0
12,a,d,f,16.536,0
12,d,b,j,18.28,0
12,d,a,j,19.879,0
12,b,c,f,21.288,0
12,a,b,f,23.808,0
12,a,e,f,26.17,0
12,e,b,j,28.505,0
12,e,c,f,30.886,0
12,d,e,f,33.283,0
12,f,d,f,35.684,0
12,a,f,f,37.929,0
12,f,c,f,40.075,0
12,f,b,j,42.554,0
12,f,g,f,45.739,0
12,h,i,j,48.924,0
12,j,k,f,52.109,0
12,l,m,f,55.194,0
13,b,d,f,2.064,0
13,c,d,f,4.433,0
13,c,b,j,5.784,0
13,b,a,j,7.786,0
13,d,c,j,9.729,0
13,a,c,f,11.245,0
13,c,a,j,13.971,0
13,a,d,f,16.229,0
13,d,b,j,18.163,0
13,d,a,j,19.714,0
13,b,c,f,21.161,0
13,a,b,f,23.256,0
13,a,e,f,25.559,0
13,e,b,j,27.921,0
13,e,c,f,30.17,0
13,d,e,f,32.464,0
13,f,d,f,34.737,0
13,a,f,f,36.945,0
13,f,c,f,39.164,0
13,f,b,j,41.465,0
13,f,g,j,44.55,0
13,h,i,f,47.735,0
13,j,k,j,50.92,0
13,l,m,f,54.105,0
14,b,d,f,1.663,0
14,c,d,f,3.507,0
14,c,b,j,5.334,0
14,b,a,j,7.606,0
14,d,c,j,9.496,0
14,a,c,f,11.781,0
14,c,a,j,13.681,0
14,a,d,f,15.043,0
14,d,b,j,17.239,0
14,d,a,j,19.494,0
14,b,c,f,21.053,0
14,a,b,f,22.824,0
14,a,e,f,25.197,0
14,e,b,j,28.33,0
14,e,c,f,31.394,0
14,d,e,f,33.641,0
14,f,d,f,36.173,0
14,a,f,f,38.574,0
14,f,c,f,41.014,0
14,f,b,j,43.864,0
14,f,g,f,47.049,0
14,h,i,f,50.134,0
14,j,k,j,53.319,0
14,l,m,f,56.504,0
15,b,d,f,1.568,0
15,c,d,f,3.448,0
15,c,b,j,5.026,0
15,b,a,j,6.606,0
15,d,c,j,8.734,0
15,a,c,f,10.334,0
15,c,a,j,12.137,0
15,a,d,f,13.907,0
15,d,b,j,16.008,0
15,d,a,j,18.15,0
15,b,c,f,19.479,0
15,a,b,f,21.785,0
15,a,e,f,24.038,0
15,e,b,j,26.31,0
15,e,c,j,29.395,0
15,d,e,f,31.76,0
15,f,d,f,33.97,0
15,a,f,f,36.257,0
15,f,c,f,38.539,0
15,f,b,j,41.201,0
15,f,g,f,44.386,0
15,h,i,j,47.571,0
15,j,k,j,50.656,0
15,l,m,j,53.741,0
16,b,d,f,1.763,0
16,c,d,f,3.685,0
16,c,b,j,5.068,0
16,b,a,j,7.027,0
16,d,c,j,8.98,0
16,a,c,f,10.818,0
16,c,a,j,12.162,0
16,a,d,f,13.98,0
16,d,b,j,15.565,0
16,d,a,j,16.943,0
16,b,c,f,18.529,0
16,a,b,f,20.997,0
16,a,e,f,23.162,0
16,e,b,j,25.517,0
16,e,c,f,27.728,0
16,d,e,f,29.919,0
16,f,d,f,32.862,0
16,a,f,f,35.098,0
16,f,c,f,37.812,0
16,f,b,f,40.897,0
16,f,g,j,44.082,0
16,h,i,f,47.267,0
16,j,k,j,50.452,0
16,l,m,f,53.637,0
17,b,d,f,1.897,0
17,c,d,f,4.143,0
17,c,b,j,5.841,0
17,b,a,j,7.756,0
17,d,c,j,9.555,0
17,a,c,f,11.335,0
17,c,a,j,13.389,0
17,a,d,f,14.838,0
17,d,b,j,16.646,0
17,d,a,j,18.189,0
17,b,c,f,19.864,0
17,a,b,f,21.917,0
17,a,e,f,24.697,0
17,e,b,j,26.941,0
17,e,c,f,29.252,0
17,d,e,f,31.455,0
17,f,d,f,33.587,0
17,a,f,f,35.775,0
17,f,c,f,38.102,0
17,f,b,j,40.652,0
17,f,g,j,43.737,0
17,h,i,f,46.922,0
17,j,k,f,50.007,0
17,l,m,j,53.192,0
18,b,d,f,1.697,0
18,c,d,f,3.445,0
18,c,b,j,6.105,0
18,b,a,j,8.022,0
18,d,c,j,9.785,0
18,a,c,f,11.623,0
18,c,a,j,13.07,0
18,a,d,f,14.751,0
18,d,b,j,16.747,0
18,d,a,j,18.691,0
18,b,c,f,20.842,0
18,a,b,f,22.557,0
18,a,e,f,24.901,0
18,e,b,j,27.256,0
18,e,c,f,29.561,0
18,d,e,f,31.933,0
18,f,d,f,34.065,0
18,a,f,f,36.498,0
18,f,c,f,38.697,0
18,f,b,j,40.99,0
18,f,g,j,44.075,0
18,h,i,f,47.26,0
18,j,k,j,50.445,0
18,l,m,j,53.53,0
19,b,d,f,1.813,0
19,c,d,f,3.762,0
19,c,b,j,5.359,0
19,b,a,j,7.018,0
19,d,c,j,9.277,0
19,a,c,f,10.697,0
19,c,a,j,12.264,0
19,a,d,f,13.692,0
19,d,b,j,15.584,0
19,d,a,j,17.492,0
19,b,c,f,19.255,0
19,a,b,f,21.143,0
19,a,e,f,23.434,0
19,e,b,j,25.7,0
19,e,c,f,27.927,0
19,d,e,f,30.199,0
19,f,d,f,32.412,0
19,a,f,f,35.222,0
19,f,c,f,37.432,0
19,f,b,j,39.631,0
19,f,g,f,42.816,0
19,h,i,f,45.901,0
19,j,k,j,49.086,0
19,l,m,f,52.271,0
20,b,d,f,1.958,0
20,c,d,f,4.447,0
20,c,b,j,5.915,0
20,b,a,j,8.289,0
20,d,c,j,9.882,0
20,a,c,f,11.846,0
20,c,a,j,14.3,0
20,a,d,f,16.135,0
20,d,b,j,18.266,0
20,d,a,j,19.786,0
20,b,c,f,21.689,0
20,a,b,f,23.4,0
20,a,e,f,25.598,0
20,e,b,j,27.906,0
20,e,c,f,30.452,0
20,d,e,f,32.61,0
20,f,d,f,35.152,0
20,a,f,f,37.438,0
20,f,c,f,39.662,0
20,f,b,j,41.87,0
20,f,g,j,44.955,0
20,h,i,f,48.14,0
20,j,k,j,51.325,0
20,l,m,j,54.41,0
21,b,d,f,1.672,0
21,c,d,f,3.714,0
21,c,b,j,5.03,0
21,b,a,j,6.678,0
21,d,c,j,8.433,0
21,a,c,f,9.919,0
21,c,a,j,11.35,0
21,a,d,f,12.966,0
21,d,b,j,14.69,0
21,d,a,j,16.26,0
21,b,c,f,18.611,0
21,a,b,f,20.36,0
21,a,e,f,22.515,0
21,e,b,j,24.821,0
21,e,c,f,27.337,0
21,d,e,f,29.733,0
21,f,d,f,32.112,0
21,a,f,f,34.288,0
21,f,c,f,36.623,0
21,f,b,j,38.947,0
21,f,g,j,42.032,0
21,h,i,f,45.217,0
21,j,k,j,48.402,0
21,l,m,f,51.587,0
22,b,d,f,1.518,0
22,c,d,f,4.574,0
22,c,b,j,6.867,0
22,b,a,j,8.903,0
22,d,c,j,11.204,0
22,a,c,f,12.726,0
22,c,a,j,14.319,0
22,a,d,f,16.077,0
22,d,b,j,17.988,0
22,d,a,j,19.339,0
22,b,c,f,21.469,0
22,a,b,f,23.704,0
22,a,e,f,26.325,0
22,e,b,j,28.621,0
22,e,c,f,30.955,0
22,d,e,f,33.234,0
22,f,d,f,35.405,0
22,a,f,f,37.677,0
22,f,c,f,39.977,0
22,f,b,j,42.238,0
22,f,g,j,45.323,0
22,h,i,f,48.508,0
22,j,k,j,51.693,0
22,l,m,j,54.778,0
23,b,d,f,1.825,0
23,c,d,f,3.646,0
23,c,b,j,5.279,0
23,b,a,j,6.893,0
23,d,c,j,9.41,0
23,a,c,f,11.184,0
23,c,a,j,12.924,0
23,a,d,f,14.33,0
23,d,b,j,16.237,0
23,d,a,j,17.559,0
23,b,c,f,19.328,0
23,a,b,f,21.511,0
23,a,e,f,23.766,0
23,e,b,j,26.02,0
23,e,c,f,28.322,0
23,d,e,f,30.529,0
23,f,d,f,33.073,0
23,a,f,f,35.412,0
23,f,c,f,37.869,0
23,f,b,f,40.954,0
23,f,g,j,44.139,0
23,h,i,f,47.324,0
23,j,k,j,50.509,0
23,l,m,j,53.594,0
24,b,d,f,1.638,0
24,c,d,f,3.401,0
24,c,b,j,4.83,0
24,b,a,j,6.439,0
24,d,c,j,8.154,0
24,a,c,f,9.709,0
24,c,a,j,11.082,0
24,a,d,f,12.457,0
24,d,b,j,14.505,0
24,d,a,j,16.125,0
24,b,c,f,18.071,0
24,a,b,f,20.193,0
24,a,e,f,22.534,0
24,e,b,j,25.02,0
24,e,c,f,27.275,0
24,d,e,f,29.477,0
24,f,d,f,31.632,0
24,a,f,f,33.876,0
24,f,c,f,36.437,0
24,f,b,j,38.647,0
24,f,g,f,41.832,0
24,h,i,j,45.017,0
24,j,k,f,48.202,0
24,l,m,f,51.287,0
25,b,d,f,2.008,0
25,c,d,f,4.323,0
25,c,b,j,6.004,0
25,b,a,j,7.903,0
25,d,c,j,9.78,0
25,a,c,f,11.245,0
25,c,a,j,12.983,0
25,a,d,f,14.629,0
25,d,b,j,16.301,0
25,d,a,j,18.524,0
25,b,c,f,20.273,0
25,a,b,f,22.111,0
25,a,e,f,24.466,0
25,e,b,j,26.693,0
25,e,c,f,29.078,0
25,d,e,f,31.272,0
25,f,d,f,33.723,0
25,a,f,f,36.145,0
25,f,c,f,38.282,0
25,f,b,j,40.66,0
25,f,g,j,43.745,0
25,h,i,f,46.93,0
25,j,k,f,50.015,0
25,l,m,f,53.1,0
26,b,d,f,2.008,0
26,c,d,f,3.873,0
26,c,b,j,5.849,0
26,b,a,j,7.924,0
26,d,c,j,9.707,0
26,a,c,f,11.276,0
26,c,a,j,12.799,0
26,a,d,f,14.314,0
26,d,b,j,15.801,0
26,d,a,j,17.878,0
26,b,c,f,19.479,0
26,a,b,f,21.662,0
26,a,e,f,23.882,0
26,e,b,j,26.245,0
26,e,c,f,28.536,0
26,d,e,f,30.834,0
26,f,d,f,33.075,0
26,a,f,f,35.289,0
26,f,c,f,37.971,0
26,f,b,j,40.468,0
26,f,g,f,43.653,0
26,h,i,j,46.838,0
26,j,k,f,50.023,0
26,l,m,j,53.208,0
27,b,d,f,1.433,0
27,c,d,f,3.654,0
27,c,b,j,5.294,0
27,b,a,j,7.496,0
27,d,c,j,9.548,0
27,a,c,f,11.107,0
27,c,a,j,12.537,0
27,a,d,f,14.626,0
27,d,b,j,16.328,0
27,d,a,j,17.819,0
27,b,c,f,19.225,0
27,a,b,f,21.6,0
27,a,e,f,23.792,0
27,e,b,j,26.142,0
27,e,c,f,28.408,0
27,d,e,f,30.643,0
27,f,d,f,33.083,0
27,a,f,j,36.268,0
27,f,c,f,38.71,0
27,f,b,j,41.252,0
27,f,g,j,44.337,0
27,h,i,f,47.522,0
27,j,k,j,50.707,0
27,l,m,f,53.892,0
28,b,d,f,2.671,0
28,c,d,f,4.243,0
28,c,b,j,5.809,0
28,b,a,j,7.678,0
28,d,c,j,9.789,0
28,a,c,f,11.181,0
28,c,a,j,12.934,0
28,a,d,f,14.241,0
28,d,b,j,15.58,0
28,d,a,j,16.866,0
28,b,c,f,18.299,0
28,a,b,f,20.218,0
28,a,e,f,22.377,0
28,e,b,j,24.826,0
28,e,c,f,27.244,0
28,d,e,f,29.342,0
28,f,d,f,31.71,0
28,a,f,f,34.063,0
28,f,c,f,36.478,0
28,f,b,j,38.845,0
28,f,g,j,41.93,0
28,h,i,j,45.015,0
28,j,k,f,48.2,0
28,l,m,f,51.285,0
29,b,d,f,1.693,0
29,c,d,f,3.604,0
29,c,b,j,5.24,0
29,b,a,j,6.846,0
29,d,c,j,8.661,0
29,a,c,f,10.182,0
29,c,a,j,11.644,0
29,a,d,f,13.019,0
29,d,b,j,14.542,0
29,d,a,j,16.299,0
29,b,c,f,17.646,0
29,a,b,f,19.49,0
29,a,e,f,22.279,0
29,e,b,j,24.534,0
29,e,c,f,26.943,0
29,d,e,f,29.145,0
29,f,d,f,31.701,0
29,a,f,f,33.815,0
29,f,c,f,36.04,0
29,f,b,j,38.264,0
29,f,g,f,41.449,0
29,h,i,f,44.534,0
29,j,k,f,47.619,0
29,l,m,f,50.704,0
30,b,d,f,1.631,0
30,c,d,f,3.479,0
30,c,b,j,5.745,0
30,b,a,j,7.978,0
30,d,c,j,9.988,0
30,a,c,f,11.41,0
30,c,a,j,13.35,0
30,a,d,f,15.346,0
30,d,b,j,17.255,0
30,d,a,j,18.731,0
30,b,c,f,20.727,0
30,a,b,f,22.322,0
30,a,e,f,24.676,0
30,e,b,j,26.91,0
30,e,c,f,29.148,0
30,d,e,f,31.724,0
30,f,d,f,34.03,0
30,a,f,f,37.115,0
30,f,c,f,39.263,0
30,f,b,j,41.813,0
30,f,g,f,44.998,0
30,h,i,f,48.083,0
30,j,k,j,51.268,0
30,l,m,j,54.353,0
31,b,d,f,1.804,0
31,c,d,f,3.703,0
31,c,b,j,5.235,0
31,b,a,j,6.876,0
31,d,c,j,8.633,0
31,a,c,f,10.73,0
31,c,a,j,12.344,0
31,a,d,f,14.083,0
31,d,b,j,15.651,0
31,d,a,j,16.899,0
31,b,c,f,19.122,0
31,a,b,f,21.668,0
31,a,e,f,23.848,0
31,e,b,j,26.055,0
31,e,c,f,28.484,0
31,d,e,f,30.718,0
31,f,d,f,32.954,0
31,a,f,f,35.345,0
31,f,c,f,37.55,0
31,f,b,j,39.864,0
31,f,g,j,42.949,0
31,h,i,f,46.134,0
31,j,k,j,49.319,0
31,l,m,f,52.504,0
32,b,d,f,1.449,0
32,c,d,f,3.636,0
32,c,b,j,5.896,0
32,b,a,j,7.597,0
32,d,c,j,9.481,0
32,a,c,f,10.993,0
32,c,a,j,12.407,0
32,a,d,f,13.764,0
32,d,b,j,15.108,0
32,d,a,j,16.571,0
32,b,c,f,17.981,0
32,a,b,f,19.638,0
32,a,e,j,22.823,0
32,e,b,j,25.566,0
32,e,c,f,27.939,0
32,d,e,f,30.07,0
32,f,d,f,32.301,0
32,a,f,f,34.485,0
32,f,c,f,36.782,0
32,f,b,j,39.363,0
32,f,g,f,42.548,0
32,h,i,f,45.633,0
32,j,k,j,48.818,0
32,l,m,j,51.903,0
33,b,d,f,1.945,0
33,c,d,f,3.757,0
33,c,b,j,6.021,0
33,b,a,j,8.367,0
33,d,c,j,10.107,0
33,a,c,f,11.584,0
33,c,a,j,13.034,0
33,a,d,f,14.531,0
33,d,b,j,16.355,0
33,d,a,j,17.771,0
33,b,c,f,19.685,0
33,a,b,f,22.066,0
33,a,e,f,24.382,0
33,e,b,j,26.721,0
33,e,c,f,28.948,0
33,d,e,f,31.437,0
33,f,d,f,33.712,0
33,a,f,f,35.882,0
33,f,c,f,38.545,0
33,f,b,j,40.825,0
33,f,g,j,43.91,0
33,h,i,j,46.995,0
33,j,k,j,50.08,0
33,l,m,j,53.165,0
34,b,d,f,2.613,0
34,c,d,f,4.583,0
34,c,b,j,6.328,0
34,b,a,f,8.781,0
34,d,c,j,11.089,0
34,a,c,f,12.608,0
34,c,a,j,14.165,0
34,a,d,f,15.856,0
34,d,b,j,17.601,0
34,d,a,j,19.016,0
34,b,c,f,21.401,0
34,a,b,f,23.32,0
34,a,e,f,25.521,0
34,e,b,j,27.939,0
34,e,c,f,30.177,0
34,d,e,f,32.364,0
34,f,d,f,34.483,0
34,a,f,f,37.091,0
34,f,c,f,39.345,0
34,f,b,j,41.832,0
34,f,g,f,45.017,0
34,h,i,j,48.202,0
34,j,k,j,51.287,0
34,l,m,f,54.472,0
35,b,d,f,1.517,0
35,c,d,f,4.423,0
35,c,b,j,6.391,0
35,b,a,j,8.526,0
35,d,c,j,10.445,0
35,a,c,f,11.945,0
35,c,a,j,13.491,0
35,a,d,f,15.261,0
35,d,b,j,17.381,0
35,d,a,j,18.929,0
35,b,c,f,20.425,0
35,a,b,f,22.302,0
35,a,e,f,24.481,0
35,e,b,j,26.729,0
35,e,c,j,29.814,0
35,d,e,f,32.173,0
35,f,d,f,34.367,0
35,a,f,f,36.776,0
35,f,c,f,39.028,0
35,f,b,j,41.542,0
35,f,g,j,44.627,0
35,h,i,j,47.712,0
35,j,k,f,50.897,0
35,l,m,j,54.082,0
36,b,d,f,1.496,0
36,c,d,f,3.177,0
36,c,b,j,4.699,0
36,b,a,j,6.41,0
36,d,c,j,8.422,0
36,a,c,f,10.245,0
36,c,a,j,11.859,0
36,a,d,f,13.344,0
36,d,b,j,14.789,0
36,d,a,f,17.161,0
36,b,c,f,18.855,0
36,a,b,f,20.467,0
36,a,e,f,22.786,0
36,e,b,j,25.501,0
36,e,c,f,27.885,0
36,d,e,f,30.247,0
36,f,d,f,32.456,0
36,a,f,f,34.917,0
36,f,c,f,37.036,0
36,f,b,j,39.377,0
36,f,g,f,42.562,0
36,h,i,j,45.747,0
36,j,k,f,48.932,0
36,l,m,j,52.117,0
37,b,d,f,1.527,0
37,c,d,f,4.034,0
37,c,b,j,5.676,0
37,b,a,j,7.332,0
37,d,c,j,9.187,0
37,a,c,f,11.161,0
37,c,a,j,12.514,0
37,a,d,f,14.004,0
37,d,b,j,15.524,0
37,d,a,j,16.944,0
37,b,c,f,18.58,0
37,a,b,f,20.319,0
37,a,e,f,22.867,0
37,e,b,j,25.365,0
37,e,c,f,27.62,0
37,d,e,f,29.828,0
37,f,d,f,32.272,0
37,a,f,f,34.673,0
37,f,c,f,36.87,0
37,f,b,j,39.132,0
37,f,g,j,42.217,0
37,h,i,j,45.302,0
37,j,k,j,48.387,0
37,l,m,j,51.472,0
38,b,d,f,1.523,0
38,c,d,f,3.445,0
38,c,b,j,5.871,0
38,b,a,j,8.196,0
38,d,c,j,9.919,0
38,a,c,f,11.731,0
38,c,a,j,13.514,0
38,a,d,f,15.243,0
38,d,b,j,17.139,0
38,d,a,j,18.411,0
38,b,c,f,20.656,0
38,a,b,f,22.85,0
38,a,e,f,25.311,0
38,e,b,j,27.83,0
38,e,c,f,30.257,0
38,d,e,f,32.534,0
38,f,d,f,34.825,0
38,a,f,f,37.101,0
38,f,c,f,39.214,0
38,f,b,j,41.523,0
38,f,g,f,44.708,0
38,h,i,f,47.793,0
38,j,k,f,50.878,0
38,l,m,j,54.063,0
39,b,d,f,1.602,0
39,c,d,f,3.466,0
39,c,b,j,5.746,0
39,b,a,j,7.476,0
39,d,c,j,9.189,0
39,a,c,f,10.885,0
39,c,a,j,13.034,0
39,a,d,f,14.378,0
39,d,b,j,15.865,0
39,d,a,j,17.525,0
39,b,c,f,19.13,0
39,a,b,f,21.331,0
39,a,e,f,23.619,0
39,e,b,j,25.958,0
39,e,c,f,28.155,0
39,d,e,f,30.417,0
39,f,d,f,32.778,0
39,a,f,f,35.535,0
39,f,c,f,37.723,0
39,f,b,j,40.009,0
39,f,g,f,43.194,0
39,h,i,f,46.279,0
39,j,k,f,49.364,0
39,l,m,f,52.449,0
40,b,d,f,1.555,0
40,c,d,f,4.349,0
40,c,b,f,6.567,0
40,b,a,j,8.358,0
40,d,c,j,10.017,0
40,a,c,f,11.832,0
40,c,a,j,13.225,0
40,a,d,f,14.672,0
40,d,b,j,16.272,0
40,d,a,j,17.608,0
40,b,c,f,19.957,0
40,a,b,f,21.928,0
40,a,e,f,24.088,0
40,e,b,j,26.572,0
40,e,c,f,28.957,0
40,d,e,j,32.142,0
40,f,d,f,34.378,0
40,a,f,f,36.873,0
40,f,c,f,39.801,0
40,f,b,j,42.986,0
40,f,g,f,46.171,0
40,h,i,j,49.356,0
40,j,k,j,52.441,0
40,l,m,f,55.626,0
41,b,d,f,1.516,0
41,c,d,f,3.806,0
41,c,b,j,5.975,0
41,b,a,j,8.229,0
41,d,c,j,11.115,0
41,a,c,f,12.618,0
41,c,a,j,14.603,0
41,a,d,f,16.308,0
41,d,b,j,17.889,0
41,d,a,j,19.376,0
41,b,c,f,21.034,0
41,a,b,f,23.191,0
41,a,e,f,25.905,0
41,e,b,f,28.99,0
41,e,c,f,31.332,0
41,d,e,f,33.612,0
41,f,d,f,35.928,0
41,a,f,f,38.194,0
41,f,c,f,40.41,0
41,f,b,j,42.747,0
41,f,g,j,45.832,0
41,h,i,j,48.917,0
41,j,k,j,52.002,0
41,l,m,f,55.187,0
42,b,d,f,1.538,0
42,c,d,f,3.781,0
42,c,b,j,5.435,0
42,b,a,j,7.647,0
42,d,c,j,9.91,0
42,a,c,f,11.525,0
42,c,a,j,14.046,0
42,a,d,f,16.307,0
42,d,b,j,18.171,0
42,d,a,j,19.784,0
42,b,c,f,21.398,0
42,a,b,f,23.368,0
42,a,e,f,25.581,0
42,e,b,j,27.969,0
42,e,c,f,30.36,0
42,d,e,f,32.553,0
42,f,d,f,34.849,0
42,a,f,f,37.086,0
42,f,c,f,39.522,0
42,f,b,j,42.036,0
42,f,g,j,45.121,0
42,h,i,j,48.206,0
42,j,k,f,51.391,0
42,l,m,f,54.476,0
43,b,d,f,1.585,0
43,c,d,f,3.69,0
43,c,b,j,6.754,0
43,b,a,j,8.89,0
43,d,c,j,12.084,0
43,a,c,f,14.313,0
43,c,a,j,15.667,0
43,a,d,f,17.079,0
43,d,b,j,18.744,0
43,d,a,j,20.594,0
43,b,c,f,22.397,0
43,a,b,f,24.309,0
43,a,e,f,26.774,0
43,e,b,j,29.065,0
43,e,c,f,31.363,0
43,d,e,f,33.535,0
43,f,d,f,35.668,0
43,a,f,f,37.849,0
43,f,c,f,40.006,0
43,f,b,j,42.404,0
43,f,g,f,45.589,0
43,h,i,f,48.674,0
43,j,k,f,51.759,0
43,l,m,j,54.944,0
44,b,d,f,1.7,0
44,c,d,f,3.484,0
44,c,b,j,5.068,0
44,b,a,j,7.641,0
44,d,c,j,9.301,0
44,a,c,f,10.861,0
44,c,a,j,12.282,0
44,a,d,f,13.668,0
44,d,b,j,15.137,0
44,d,a,j,16.835,0
44,b,c,f,18.602,0
44,a,b,f,20.866,0
44,a,e,f,23.219,0
44,e,b,j,25.45,0
44,e,c,f,27.906,0
44,d,e,f,30.119,0
44,f,d,f,32.76,0
44,a,f,f,34.89,0
44,f,c,f,37.074,0
44,f,b,j,39.704,0
44,f,g,j,42.789,0
44,h,i,j,45.874,0
44,j,k,f,49.059,0
44,l,m,f,52.144,0
45,b,d,f,1.66,0
45,c,d,f,3.249,0
45,c,b,j,5.071,0
45,b,a,j,7.421,0
45,d,c,j,9.254,0
45,a,c,f,10.672,0
45,c,a,j,12.247,0
45,a,d,f,13.635,0
45,d,b,j,15.308,0
45,d,a,j,16.959,0
45,b,c,f,18.453,0
45,a,b,f,20.243,0
45,a,e,f,22.577,0
45,e,b,j,24.867,0
45,e,c,f,27.321,0
45,d,e,f,29.488,0
45,f,d,f,31.817,0
45,a,f,f,34.188,0
45,f,c,f,36.465,0
45,f,b,j,38.78,0
45,f,g,j,41.865,0
45,h,i,f,45.05,0
45,j,k,j,48.235,0
45,l,m,j,51.32,0
46,b,d,f,1.479,0
46,c,d,f,3.552,0
46,c,b,j,5.027,0
46,b,a,j,7.704,0
46,d,c,j,9.674,0
46,a,c,f,11.209,0
46,c,a,j,12.828,0
46,a,d,f,14.368,0
46,d,b,j,16.275,0
46,d,a,j,17.875,0
46,b,c,f,19.261,0
46,a,b,f,21.778,0
46,a,e,f,24.356,0
46,e,b,j,26.826,0
46,e,c,f,29.159,0
46,d,e,f,31.311,0
46,f,d,f,33.582,0
46,a,f,f,36.562,0
46,f,c,f,38.809,0
46,f,b,j,41.111,0
46,f,g,j,44.196,0
46,h,i,f,47.381,0
46,j,k,j,50.566,0
46,l,m,f,53.751,0
47,b,d,f,1.479,0
47,c,d,f,3.065,0
47,c,b,j,4.775,0
47,b,a,j,6.751,0
47,d,c,j,8.547,0
47,a,c,f,11.642,0
47,c,a,j,13.284,0
47,a,d,f,15.067,0
47,d,b,j,17.446,0
47,d,a,j,18.932,0
47,b,c,f,20.311,0
47,a,b,f,22.189,0
47,a,e,f,24.51,0
47,e,b,j,26.808,0
47,e,c,f,29.194,0
47,d,e,f,31.301,0
47,f,d,f,33.405,0
47,a,f,f,35.715,0
47,f,c,f,38.744,0
47,f,b,j,41.452,0
47,f,g,j,44.537,0
47,h,i,j,47.622,0
47,j,k,f,50.807,0
47,l,m,j,53.992,0
48,b,d,f,1.631,0
48,c,d,f,4.063,0
48,c,b,j,6.118,0
48,b,a,j,7.763,0
48,d,c,f,10.864,0
48,a,c,f,12.31,0
48,c,a,j,13.69,0
48,a,d,f,15.338,0
48,d,b,j,16.666,0
48,d,a,f,18.881,0
48,b,c,f,20.321,0
48,a,b,f,22.244,0
48,a,e,f,24.456,0
48,e,b,j,26.929,0
48,e,c,f,29.407,0
48,d,e,f,31.707,0
48,f,d,f,33.926,0
48,a,f,f,36.421,0
48,f,c,f,38.652,0
48,f,b,j,41.143,0
48,f,g,f,44.328,0
48,h,i,f,47.413,0
48,j,k,f,50.498,0
48,l,m,f,53.583,0
49,b,d,f,2.245,0
49,c,d,f,4.059,0
49,c,b,j,5.652,0
49,b,a,j,7.374,0
49,d,c,j,9.188,0
49,a,c,f,10.45,0
49,c,a,j,12.899,0
49,a,d,f,14.793,0
49,d,b,j,16.213,0
49,d,a,j,18.6,0
49,b,c,f,20.306,0
49,a,b,f,22.05,0
49,a,e,f,24.228,0
49,e,b,j,26.511,0
49,e,c,f,28.749,0
49,d,e,f,31.482,0
49,f,d,f,33.754,0
49,a,f,f,35.901,0
49,f,c,f,38.295,0
49,f,b,j,40.843,0
49,f,g,j,43.928,0
49,h,i,f,47.113,0
49,j,k,f,50.198,0
49,l,m,j,53.383,0
50,b,d,f,1.634,0
50,c,d,f,3.636,0
50,c,b,j,5.309,0
50,b,a,j,7.8,0
50,d,c,j,10.262,0
50,a,c,f,11.726,0
50,c,a,j,13.411,0
50,a,d,f,15.171,0
50,d,b,j,17.072,0
50,d,a,j,18.736,0
50,b,c,f,20.135,0
50,a,b,j,22.709,0
50,a,e,f,25.195,0
50,e,b,j,27.714,0
50,e,c,f,30.136,0
50,d,e,f,32.34,0
50,f,d,f,34.665,0
50,a,f,f,36.987,0
50,f,c,f,39.112,0
50,f,b,j,41.455,0
50,f,g,f,44.64,0
50,h,i,f,47.725,0
50,j,k,j,50.91,0
50,l,m,f,54.095,0
51,b,d,f,1.526,0
51,c,d,f,3.748,0
51,c,b,j,5.332,0
51,b,a,j,7.251,0
51,d,c,j,9.014,0
51,a,c,f,10.477,0
51,c,a,j,12.802,0
51,a,d,f,14.366,0
51,d,b,j,15.647,0
51,d,a,j,17.33,0
51,b,c,f,18.664,0
51,a,b,f,20.604,0
51,a,e,f,22.797,0
51,e,b,j,25.095,0
51,e,c,f,27.457,0
51,d,e,j,30.642,0
51,f,d,f,32.878,0
51,a,f,f,35.063,0
51,f,c,f,37.468,0
51,f,b,j,39.69,0
51,f,g,j,42.775,0
51,h,i,f,45.96,0
51,j,k,f,49.045,0
51,l,m,f,52.13,0
52,b,d,f,1.691,0
52,c,d,f,3.507,0
52,c,b,j,6.326,0
52,b,a,j,8.934,0
52,d,c,f,11.299,0
52,a,c,f,12.627,0
52,c,a,j,14.042,0
52,a,d,f,15.623,0
52,d,b,j,17.092,0
52,d,a,j,18.724,0
52,b,c,f,20.045,0
52,a,b,f,21.999,0
52,a,e,f,24.184,0
52,e,b,j,26.708,0
52,e,c,f,28.994,0
52,d,e,f,31.139,0
52,f,d,f,33.594,0
52,a,f,f,36.066,0
52,f,c,f,38.476,0
52,f,b,j,41.026,0
52,f,g,f,44.211,0
52,h,i,f,47.296,0
52,j,k,j,50.481,0
52,l,m,f,53.666,0
53,b,d,f,1.574,0
53,c,d,f,3.445,0
53,c,b,j,5.13,0
53,b,a,j,6.871,0
53,d,c,j,8.432,0
53,a,c,f,9.847,0
53,c,a,j,11.425,0
53,a,d,f,12.916,0
53,d,b,j,14.432,0
53,d,a,j,16.073,0
53,b,c,f,17.322,0
53,a,b,f,19.189,0
53,a,e,f,21.386,0
53,e,b,j,23.636,0
53,e,c,f,26.043,0
53,d,e,f,28.294,0
53,f,d,f,30.53,0
53,a,f,f,32.821,0
53,f,c,f,35.37,0
53,f,b,j,37.654,0
53,f,g,f,40.839,0
53,h,i,j,44.024,0
53,j,k,f,47.209,0
53,l,m,f,50.294,0
54,b,d,f,1.859,0
54,c,d,f,3.484,0
54,c,b,j,4.931,0
54,b,a,j,7.413,0
54,d,c,j,9.035,0
54,a,c,f,10.623,0
54,c,a,j,11.969,0
54,a,d,f,13.857,0
54,d,b,j,15.195,0
54,d,a,j,16.866,0
54,b,c,f,18.727,0
54,a,b,f,21.537,0
54,a,e,f,23.814,0
54,e,b,j,26.194,0
54,e,c,f,28.589,0
54,d,e,j,31.774,0
54,f,d,f,34.19,0
54,a,f,f,36.468,0
54,f,c,f,38.954,0
54,f,b,f,42.039,0
54,f,g,f,45.124,0
54,h,i,f,48.209,0
54,j,k,f,51.294,0
54,l,m,j,54.479,0
55,b,d,f,1.606,0
55,c,d,f,3.775,0
55,c,b,j,6.102,0
55,b,a,j,8.147,0
55,d,c,j,10.003,0
55,a,c,f,12.456,0
55,c,a,j,14.028,0
55,a,d,f,15.691,0
55,d,b,j,17.392,0
55,d,a,j,19.257,0
55,b,c,f,20.823,0
55,a,b,f,22.816,0
55,a,e,f,25.169,0
55,e,b,j,27.498,0
55,e,c,f,29.753,0
55,d,e,f,32.106,0
55,f,d,f,34.292,0
55,a,f,f,36.636,0
55,f,c,f,39.069,0
55,f,b,j,41.286,0
55,f,g,f,44.471,0
55,h,i,f,47.556,0
55,j,k,f,50.641,0
55,l,m,j,53.826,0
56,b,d,f,1.881,0
56,c,d,f,3.657,0
56,c,b,f,6.021,0
56,b,a,j,7.985,0
56,d,c,j,10.444,0
56,a,c,f,12.104,0
56,c,a,j,13.572,0
56,a,d,f,15.457,0
56,d,b,j,17.038,0
56,d,a,j,18.648,0
56,b,c,f,20.963,0
56,a,b,f,22.914,0
56,a,e,f,25.309,0
56,e,b,j,27.569,0
56,e,c,f,30.136,0
56,d,e,f,32.342,0
56,f,d,f,34.776,0
56,a,f,f,36.89,0
56,f,c,f,39.102,0
56,f,b,j,41.391,0
56,f,g,f,44.576,0
56,h,i,j,47.761,0
56,j,k,j,50.846,0
56,l,m,j,53.931,0
57,b,d,f,1.635,0
57,c,d,f,4.277,0
57,c,b,j,6.089,0
57,b,a,j,8.422,0
57,d,c,j,10.328,0
57,a,c,f,11.861,0
57,c,a,j,13.744,0
57,a,d,f,15.352,0
57,d,b,j,16.772,0
57,d,a,j,18.524,0
57,b,c,f,20.234,0
57,a,b,f,22.58,0
57,a,e,f,25.176,0
57,e,b,j,27.418,0
57,e,c,f,29.907,0
57,d,e,f,32.281,0
57,f,d,f,34.621,0
57,a,f,f,37.183,0
57,f,c,f,39.332,0
57,f,b,j,41.658,0
57,f,g,j,44.743,0
57,h,i,j,47.828,0
57,j,k,f,51.013,0
57,l,m,f,54.098,0
58,b,d,f,1.75,0
58,c,d,f,4.21,0
58,c,b,j,5.556,0
58,b,a,j,7.257,0
58,d,c,j,9.125,0
58,a,c,f,10.419,0
58,c,a,j,11.841,0
58,a,d,f,13.32,0
58,d,b,j,15.614,0
58,d,a,j,16.964,0
58,b,c,f,18.765,0
58,a,b,NIL,20.901,0
58,a,e,NIL,20.986,0
58,e,b,NIL,21.071,0
58,e,c,NIL,21.156,0
58,d,e,NIL,21.241,0
58,f,d,NIL,21.326,0
58,a,f,NIL,21.411,0
58,f,c,NIL,21.496,0
58,f,b,NIL,21.581,0
58,f,g,NIL,21.666,0
58,h,i,NIL,21.751,0
58,j,k,NIL,21.836,0
58,l,m,NIL,21.921,0
59,b,d,f,1.424,0
59,c,d,f,3.502,0
59,c,b,j,5.326,0
59,b,a,j,7.562,0
59,d,c,j,9.377,0
59,a,c,f,10.978,0
59,c,a,j,12.392,0
59,a,d,f,13.946,0
59,d,b,j,15.368,0
59,d,a,j,17.249,0
59,b,c,f,18.765,0
59,a,b,f,20.583,0
59,a,e,f,22.905,0
59,e,b,f,25.99,0
59,e,c,f,28.21,0
59,d,e,f,30.632,0
59,f,d,f,33.077,0
59,a,f,f,35.386,0
59,f,c,f,37.643,0
59,f,b,j,40.033,0
59,f,g,f,43.218,0
59,h,i,j,46.403,0
59,j,k,f,49.588,0
59,l,m,j,52.773,0
60,b,d,f,1.618,0
60,c,d,f,3.73,0
60,c,b,j,5.29,0
60,b,a,j,7.167,0
60,d,c,f,9.497,0
60,a,c,f,11.054,0
60,c,a,j,12.66,0
60,a,d,f,14.353,0
60,d,b,j,15.964,0
60,d,a,j,17.356,0
60,b,c,f,18.726,0
60,a,b,f,21.505,0
60,a,e,f,23.99,0
60,e,b,j,26.618,0
60,e,c,f,29.08,0
60,d,e,f,31.329,0
60,f,d,f,34.414,0
60,a,f,f,36.781,0
60,f,c,f,38.888,0
60,f,b,j,41.314,0
60,f,g,f,44.499,0
60,h,i,f,47.584,0
60,j,k,j,50.769,0
60,l,m,f,53.954,0
61,b,d,f,1.711,0
61,c,d,f,3.344,0
61,c,b,j,4.764,0
61,b,a,j,6.894,0
61,d,c,j,9.962,0
61,a,c,f,11.542,0
61,c,a,j,14.256,0
61,a,d,f,15.795,0
61,d,b,j,17.221,0
61,d,a,j,19.068,0
61,b,c,f,20.416,0
61,a,b,f,22.332,0
61,a,e,f,24.986,0
61,e,b,j,27.372,0
61,e,c,f,30.058,0
61,d,e,f,32.284,0
61,f,d,f,34.458,0
61,a,f,f,36.633,0
61,f,c,f,39.148,0
61,f,b,j,41.901,0
61,f,g,j,44.986,0
61,h,i,f,48.171,0
61,j,k,j,51.356,0
61,l,m,j,54.441,0
62,b,d,f,1.465,0
62,c,d,f,3.724,0
62,c,b,j,5.183,0
62,b,a,j,6.805,0
62,d,c,j,9.151,0
62,a,c,f,10.671,0
62,c,a,j,12.665,0
62,a,d,f,14.063,0
62,d,b,j,16.225,0
62,d,a,j,17.966,0
62,b,c,f,19.87,0
62,a,b,f,21.978,0
62,a,e,f,24.195,0
62,e,b,j,27.38,0
62,e,c,f,29.87,0
62,d,e,f,32.018,0
62,f,d,f,34.201,0
62,a,f,f,36.461,0
62,f,c,f,38.612,0
62,f,b,j,41.008,0
62,f,g,f,44.193,0
62,h,i,f,47.278,0
62,j,k,j,50.463,0
62,l,m,j,53.548,0
63,b,d,f,1.585,0
63,c,d,f,3.729,0
63,c,b,j,5.287,0
63,b,a,j,7.195,0
63,d,c,j,8.967,0
63,a,c,f,10.726,0
63,c,a,j,12.171,0
63,a,d,f,13.902,0
63,d,b,j,15.791,0
63,d,a,j,17.086,0
63,b,c,f,18.647,0
63,a,b,f,20.669,0
63,a,e,f,22.877,0
63,e,b,j,25.278,0
63,e,c,f,27.66,0
63,d,e,f,29.851,0
63,f,d,f,32.637,0
63,a,f,f,34.851,0
63,f,c,f,37.108,0
63,f,b,j,39.462,0
63,f,g,f,42.647,0
63,h,i,f,45.732,0
63,j,k,j,48.917,0
63,l,m,j,52.002,0
64,b,d,f,1.51,0
64,c,d,f,3.229,0
64,c,b,j,4.985,0
64,b,a,j,7.16,0
64,d,c,j,9.137,0
64,a,c,f,10.856,0
64,c,a,j,12.196,0
64,a,d,f,13.72,0
64,d,b,f,15.956,0
64,d,a,j,17.384,0
64,b,c,f,18.763,0
64,a,b,f,20.478,0
64,a,e,f,22.728,0
64,e,b,j,25.114,0
64,e,c,f,27.46,0
64,d,e,f,29.611,0
64,f,d,f,32.086,0
64,a,f,f,34.537,0
64,f,c,f,36.878,0
64,f,b,j,39.088,0
64,f,g,f,42.273,0
64,h,i,j,45.458,0
64,j,k,f,48.643,0
64,l,m,f,51.728,0
65,b,d,f,1.594,0
65,c,d,f,3.425,0
65,c,b,j,4.805,0
65,b,a,j,6.909,0
65,d,c,j,9.196,0
65,a,c,f,10.804,0
65,c,a,j,12.405,0
65,a,d,f,14.005,0
65,d,b,j,15.565,0
65,d,a,j,17.352,0
65,b,c,f,19.183,0
65,a,b,f,21.875,0
65,a,e,f,24.257,0
65,e,b,j,26.53,0
65,e,c,f,29.007,0
65,d,e,f,31.158,0
65,f,d,f,33.403,0
65,a,f,f,35.572,0
65,f,c,f,37.838,0
65,f,b,j,40.111,0
65,f,g,j,43.196,0
65,h,i,j,46.281,0
65,j,k,j,49.366,0
65,l,m,f,52.551,0
66,b,d,f,1.477,0
66,c,d,f,3.807,0
66,c,b,f,6.384,0
66,b,a,j,8.353,0
66,d,c,j,10.35,0
66,a,c,f,12.056,0
66,c,a,j,13.448,0
66,a,d,f,15.255,0
66,d,b,j,17.014,0
66,d,a,j,18.387,0
66,b,c,f,20.773,0
66,a,b,f,22.579,0
66,a,e,f,24.942,0
66,e,b,j,27.246,0
66,e,c,f,29.684,0
66,d,e,f,31.858,0
66,f,d,f,34.05,0
66,a,f,f,36.909,0
66,f,c,f,39.492,0
66,f,b,j,41.767,0
66,f,g,j,44.852,0
66,h,i,j,47.937,0
66,j,k,f,51.122,0
66,l,m,f,54.207,0
67,b,d,f,1.474,0
67,c,d,f,3.555,0
67,c,b,j,5.255,0
67,b,a,j,8.178,0
67,d,c,j,10.006,0
67,a,c,f,12.05,0
67,c,a,j,13.456,0
67,a,d,f,15.161,0
67,d,b,j,16.774,0
67,d,a,j,18.538,0
67,b,c,f,19.912,0
67,a,b,f,21.73,0
67,a,e,f,23.955,0
67,e,b,j,26.58,0
67,e,c,f,28.832,0
67,d,e,f,31.062,0
67,f,d,f,33.568,0
67,a,f,f,36.035,0
67,f,c,f,38.216,0
67,f,b,j,40.573,0
67,f,g,j,43.658,0
67,h,i,f,46.843,0
67,j,k,j,50.028,0
67,l,m,f,53.213,0
68,b,d,f,1.699,0
68,c,d,f,4.149,0
68,c,b,j,5.679,0
68,b,a,j,7.594,0
68,d,c,j,9.142,0
68,a,c,f,10.563,0
68,c,a,j,12.139,0
68,a,d,f,14.527,0
68,d,b,j,16.525,0
68,d,a,j,18.222,0
68,b,c,f,19.702,0
68,a,b,f,21.362,0
68,a,e,f,23.781,0
68,e,b,j,26.4,0
68,e,c,f,28.626,0
68,d,e,f,30.858,0
68,f,d,f,33.016,0
68,a,f,f,35.635,0
68,f,c,f,37.843,0
68,f,b,j,40.102,0
68,f,g,f,43.287,0
68,h,i,j,46.472,0
68,j,k,j,49.557,0
68,l,m,f,52.742,0
69,b,d,f,1.907,0
69,c,d,f,4.118,0
69,c,b,j,6.002,0
69,b,a,j,7.546,0
69,d,c,j,9.606,0
69,a,c,f,11.161,0
69,c,a,j,12.521,0
69,a,d,f,13.889,0
69,d,b,j,15.912,0
69,d,a,j,17.229,0
69,b,c,f,18.554,0
69,a,b,f,20.667,0
69,a,e,f,22.779,0
69,e,b,j,25.126,0
69,e,c,f,27.44,0
69,d,e,f,29.572,0
69,f,d,f,31.749,0
69,a,f,f,34.711,0
69,f,c,f,37.156,0
69,f,b,j,39.846,0
69,f,g,j,42.931,0
69,h,i,f,46.116,0
69,j,k,f,49.201,0
69,l,m,f,52.286,0
70,b,d,f,1.445,0
70,c,d,f,3.781,0
70,c,b,j,5.394,0
70,b,a,j,7.162,0
70,d,c,j,8.976,0
70,a,c,f,10.486,0
70,c,a,j,11.988,0
70,a,d,f,13.372,0
70,d,b,f,15.784,0
70,d,a,j,17.918,0
70,b,c,f,19.753,0
70,a,b,f,21.548,0
70,a,e,f,23.697,0
70,e,b,j,25.903,0
70,e,c,f,28.961,0
70,d,e,f,31.291,0
70,f,d,f,33.486,0
70,a,f,f,35.622,0
70,f,c,f,37.892,0
70,f,b,j,40.221,0
70,f,g,j,43.306,0
70,h,i,j,46.391,0
70,j,k,f,49.576,0
70,l,m,f,52.661,0
71,b,d,f,1.826,0
71,c,d,f,3.822,0
71,c,b,j,5.221,0
71,b,a,j,7.509,0
71,d,c,j,9.261,0
71,a,c,f,10.606,0
71,c,a,j,11.971,0
71,a,d,f,14.151,0
71,d,b,j,15.58,0
71,d,a,j,17.452,0
71,b,c,f,19.047,0
71,a,b,f,20.88,0
71,a,e,f,23.118,0
71,e,b,j,25.322,0
71,e,c,f,27.704,0
71,d,e,f,30.217,0
71,f,d,f,32.958,0
71,a,f,f,35.928,0
71,f,c,f,38.144,0
71,f,b,j,40.385,0
71,f,g,f,43.57,0
71,h,i,j,46.755,0
71,j,k,j,49.84,0
71,l,m,j,52.925,0
72,b,d,f,1.483,0
72,c,d,f,3.029,0
72,c,b,j,4.949,0
72,b,a,j,6.934,0
72,d,c,j,8.676,0
72,a,c,f,11.111,0
72,c,a,j,13.01,0
72,a,d,f,14.443,0
72,d,b,j,16.03,0
72,d,a,j,17.796,0
72,b,c,f,19.158,0
72,a,b,f,21.238,0
72,a,e,f,23.515,0
72,e,b,j,25.862,0
72,e,c,f,28.243,0
72,d,e,f,30.466,0
72,f,d,f,32.644,0
72,a,f,f,34.985,0
72,f,c,f,37.407,0
72,f,b,j,39.95,0
72,f,g,f,43.135,0
72,h,i,f,46.22,0
72,j,k,j,49.405,0
72,l,m,j,52.49,0
73,b,d,f,1.612,0
73,c,d,f,3.208,0
73,c,b,j,4.773,0
73,b,a,j,6.371,0
73,d,c,j,8.754,0
73,a,c,f,10.312,0
73,c,a,j,11.805,0
73,a,d,f,13.512,0
73,d,b,j,15.302,0
73,d,a,j,17.117,0
73,b,c,f,19.155,0
73,a,b,f,20.913,0
73,a,e,f,23.915,0
73,e,b,j,26.221,0
73,e,c,f,28.534,0
73,d,e,f,30.694,0
73,f,d,f,32.844,0
73,a,f,f,35.105,0
73,f,c,f,37.266,0
73,f,b,j,39.724,0
73,f,g,j,42.809,0
73,h,i,f,45.994,0
73,j,k,f,49.079,0
73,l,m,j,52.264,0
74,b,d,f,1.428,0
74,c,d,f,3.8,0
74,c,b,j,5.274,0
74,b,a,j,6.965,0
74,d,c,j,9.24,0
74,a,c,f,10.959,0
74,c,a,j,13.048,0
74,a,d,f,14.677,0
74,d,b,j,16.673,0
74,d,a,j,18.292,0
74,b,c,f,20.969,0
74,a,b,f,23.377,0
74,a,e,f,25.571,0
74,e,b,j,27.863,0
74,e,c,f,30.179,0
74,d,e,f,32.598,0
74,f,d,f,34.976,0
74,a,f,f,37.432,0
74,f,c,f,39.614,0
74,f,b,j,41.913,0
74,f,g,j,44.998,0
74,h,i,j,48.083,0
74,j,k,f,51.268,0
74,l,m,f,54.353,0
75,b,d,f,1.481,0
75,c,d,f,3.345,0
75,c,b,j,4.837,0
75,b,a,j,6.853,0
75,d,c,j,8.866,0
75,a,c,f,10.201,0
75,c,a,j,12.091,0
75,a,d,f,13.582,0
75,d,b,j,15.083,0
75,d,a,j,16.812,0
75,b,c,f,18.241,0
75,a,b,f,20.618,0
75,a,e,f,22.744,0
75,e,b,j,25.424,0
75,e,c,f,27.702,0
75,d,e,f,30,0
75,f,d,f,32.281,0
75,a,f,f,35.366,0
75,f,c,f,37.798,0
75,f,b,j,40.253,0
75,f,g,j,43.338,0
75,h,i,f,46.523,0
75,j,k,f,49.608,0
75,l,m,j,52.793,0
76,b,d,f,1.556,0
76,c,d,f,3.26,0
76,c,b,j,4.68,0
76,b,a,j,7.108,0
76,d,c,f,9.572,0
76,a,c,f,11.873,0
76,c,a,j,13.827,0
76,a,d,f,15.16,0
76,d,b,j,17.627,0
76,d,a,j,19.005,0
76,b,c,f,20.557,0
76,a,b,f,22.616,0
76,a,e,f,24.773,0
76,e,b,j,27.095,0
76,e,c,f,29.53,0
76,d,e,f,31.845,0
76,f,d,f,33.974,0
76,a,f,f,36.204,0
76,f,c,f,38.435,0
76,f,b,j,40.78,0
76,f,g,f,43.965,0
76,h,i,f,47.05,0
76,j,k,f,50.135,0
76,l,m,j,53.32,0
77,b,d,f,1.578,0
77,c,d,f,3.296,0
77,c,b,j,4.943,0
77,b,a,j,6.999,0
77,d,c,j,9.038,0
77,a,c,f,10.653,0
77,c,a,j,12.124,0
77,a,d,f,13.697,0
77,d,b,j,15.319,0
77,d,a,j,16.786,0
77,b,c,f,18.701,0
77,a,b,f,20.364,0
77,a,e,f,22.662,0
77,e,b,j,24.902,0
77,e,c,f,27.317,0
77,d,e,f,29.538,0
77,f,d,f,31.819,0
77,a,f,f,33.989,0
77,f,c,f,36.375,0
77,f,b,j,38.594,0
77,f,g,j,41.679,0
77,h,i,f,44.864,0
77,j,k,f,47.949,0
77,l,m,j,51.134,0
78,b,d,f,1.39,0
78,c,d,f,3.587,0
78,c,b,j,5.773,0
78,b,a,j,7.386,0
78,d,c,j,9.301,0
78,a,c,f,11.119,0
78,c,a,j,12.914,0
78,a,d,f,14.48,0
78,d,b,j,15.804,0
78,d,a,j,17.336,0
78,b,c,f,18.833,0
78,a,b,f,20.563,0
78,a,e,f,22.722,0
78,e,b,j,25.041,0
78,e,c,f,28.209,0
78,d,e,f,30.454,0
78,f,d,f,32.678,0
78,a,f,f,34.807,0
78,f,c,f,37.678,0
78,f,b,j,40.001,0
78,f,g,j,43.086,0
78,h,i,f,46.271,0
78,j,k,f,49.356,0
78,l,m,f,52.441,0
79,b,d,f,1.475,0
79,c,d,f,3.177,0
79,c,b,j,4.49,0
79,b,a,j,6.421,0
79,d,c,j,8.428,0
79,a,c,f,9.934,0
79,c,a,j,11.701,0
79,a,d,f,12.993,0
79,d,b,j,15.097,0
79,d,a,j,16.415,0
79,b,c,f,18.468,0
79,a,b,f,21.17,0
79,a,e,f,23.693,0
79,e,b,j,26.042,0
79,e,c,f,28.27,0
79,d,e,f,30.363,0
79,f,d,f,32.77,0
79,a,f,f,35.164,0
79,f,c,j,38.349,0
79,f,b,j,40.603,0
79,f,g,j,43.688,0
79,h,i,j,46.773,0
79,j,k,j,49.858,0
79,l,m,j,52.943,0
80,b,d,f,2.317,0
80,c,d,f,4.423,0
80,c,b,j,5.951,0
80,b,a,j,7.85,0
80,d,c,j,10.327,0
80,a,c,f,11.939,0
80,c,a,j,13.435,0
80,a,d,f,15.107,0
80,d,b,j,16.519,0
80,d,a,j,18.102,0
80,b,c,f,20.365,0
80,a,b,f,22.372,0
80,a,e,f,24.475,0
80,e,b,j,26.774,0
80,e,c,f,29.776,0
80,d,e,f,31.876,0
80,f,d,f,34.025,0
80,a,f,f,36.657,0
80,f,c,f,38.938,0
80,f,b,j,41.284,0
80,f,g,f,44.469,0
80,h,i,j,47.654,0
80,j,k,f,50.839,0
80,l,m,j,54.024,0
81,b,d,f,1.347,0
81,c,d,f,3.513,0
81,c,b,j,5.094,0
81,b,a,j,7.26,0
81,d,c,j,9.385,0
81,a,c,f,10.735,0
81,c,a,j,12.552,0
81,a,d,f,14.092,0
81,d,b,j,16.919,0
81,d,a,j,18.276,0
81,b,c,f,19.679,0
81,a,b,f,21.68,0
81,a,e,f,24.385,0
81,e,b,j,26.683,0
81,e,c,f,29.033,0
81,d,e,f,31.241,0
81,f,d,f,33.854,0
81,a,f,f,36.208,0
81,f,c,f,38.603,0
81,f,b,j,41.109,0
81,f,g,j,44.194,0
81,h,i,f,47.379,0
81,j,k,f,50.464,0
81,l,m,j,53.649,0
82,b,d,f,1.347,0
82,c,d,f,3.365,0
82,c,b,j,5.002,0
82,b,a,j,7.393,0
82,d,c,j,9.188,0
82,a,c,f,10.828,0
82,c,a,j,12.875,0
82,a,d,f,15.282,0
82,d,b,j,16.679,0
82,d,a,j,18.148,0
82,b,c,f,19.713,0
82,a,b,f,21.785,0
82,a,e,f,24.761,0
82,e,b,j,27.536,0
82,e,c,f,29.901,0
82,d,e,f,32.101,0
82,f,d,f,34.244,0
82,a,f,f,36.402,0
82,f,c,f,38.799,0
82,f,b,j,41.309,0
82,f,g,f,44.494,0
82,h,i,f,47.579,0
82,j,k,f,50.664,0
82,l,m,f,53.749,0
83,b,d,f,1.657,0
83,c,d,f,4.005,0
83,c,b,j,5.447,0
83,b,a,j,7.353,0
83,d,c,j,9.331,0
83,a,c,f,10.901,0
83,c,a,j,12.571,0
83,a,d,f,14.158,0
83,d,b,f,16.361,0
83,d,a,j,17.97,0
83,b,c,f,19.992,0
83,a,b,f,22.019,0
83,a,e,f,24.336,0
83,e,b,j,26.578,0
83,e,c,f,28.945,0
83,d,e,f,31.22,0
83,f,d,f,33.552,0
83,a,f,f,35.712,0
83,f,c,f,38.797,0
83,f,b,j,41.025,0
83,f,g,j,44.11,0
83,h,i,f,47.295,0
83,j,k,j,50.48,0
83,l,m,j,53.565,0
84,b,d,f,2.738,0
84,c,d,f,4.816,0
84,c,b,j,6.127,0
84,b,a,j,8.23,0
84,d,c,j,10.056,0
84,a,c,f,11.451,0
84,c,a,j,13.193,0
84,a,d,f,15.958,0
84,d,b,j,17.451,0
84,d,a,j,19.216,0
84,b,c,f,20.86,0
84,a,b,f,22.828,0
84,a,e,f,24.975,0
84,e,b,j,27.355,0
84,e,c,f,29.882,0
84,d,e,f,32.057,0
84,f,d,f,34.426,0
84,a,f,f,36.674,0
84,f,c,f,39.076,0
84,f,b,j,41.324,0
84,f,g,f,44.509,0
84,h,i,f,47.594,0
84,j,k,f,50.679,0
84,l,m,j,53.864,0
85,b,d,f,1.559,0
85,c,d,f,3.426,0
85,c,b,j,5.314,0
85,b,a,j,7.332,0
85,d,c,j,9.206,0
85,a,c,f,10.618,0
85,c,a,j,12.511,0
85,a,d,f,14.508,0
85,d,b,j,15.982,0
85,d,a,j,17.2,0
85,b,c,f,18.821,0
85,a,b,f,20.447,0
85,a,e,f,23.532,0
85,e,b,j,26.017,0
85,e,c,f,28.235,0
85,d,e,f,30.683,0
85,f,d,f,33.083,0
85,a,f,f,35.27,0
85,f,c,f,37.437,0
85,f,b,j,39.947,0
85,f,g,f,43.132,0
85,h,i,f,46.217,0
85,j,k,j,49.402,0
85,l,m,f,52.587,0
86,b,d,f,1.763,0
86,c,d,f,4.608,0
86,c,b,j,6.511,0
86,b,a,j,8.451,0
86,d,c,j,10.614,0
86,a,c,f,12.164,0
86,c,a,j,13.623,0
86,a,d,f,15.267,0
86,d,b,j,16.843,0
86,d,a,j,18.458,0
86,b,c,f,19.923,0
86,a,b,f,22.377,0
86,a,e,f,24.663,0
86,e,b,j,27.115,0
86,e,c,f,29.41,0
86,d,e,f,31.767,0
86,f,d,f,34.081,0
86,a,f,f,36.432,0
86,f,c,f,38.744,0
86,f,b,j,41.929,0
86,f,g,j,45.014,0
86,h,i,f,48.199,0
86,j,k,j,51.384,0
86,l,m,f,54.569,0
87,b,d,f,1.496,0
87,c,d,f,3.544,0
87,c,b,j,5.022,0
87,b,a,NIL,7.497,0
87,d,c,NIL,7.582,0
87,a,c,NIL,7.582,0
87,c,a,NIL,7.667,0
87,a,d,NIL,7.752,0
87,d,b,NIL,7.837,0
87,d,a,NIL,7.922,0
87,b,c,NIL,8.007,0
87,a,b,NIL,8.092,0
87,a,e,NIL,8.177,0
87,e,b,NIL,8.262,0
87,e,c,NIL,8.347,0
87,d,e,NIL,8.432,0
87,f,d,NIL,8.517,0
87,a,f,NIL,8.602,0
87,f,c,NIL,8.687,0
87,f,b,NIL,8.772,0
87,f,g,NIL,8.857,0
87,h,i,NIL,8.942,0
87,j,k,NIL,9.027,0
87,l,m,NIL,9.112,0
88,b,d,f,1.535,0
88,c,d,f,3.809,0
88,c,b,j,5.286,0
88,b,a,j,7.345,0
88,d,c,j,9.041,0
88,a,c,f,11.055,0
88,c,a,j,12.405,0
88,a,d,f,13.844,0
88,d,b,j,15.391,0
88,d,a,j,16.86,0
88,b,c,f,18.306,0
88,a,b,j,20.699,0
88,a,e,f,23.062,0
88,e,b,j,25.599,0
88,e,c,f,27.967,0
88,d,e,f,30.194,0
88,f,d,f,32.562,0
88,a,f,f,34.724,0
88,f,c,f,37.287,0
88,f,b,j,39.675,0
88,f,g,f,42.86,0
88,h,i,f,45.945,0
88,j,k,j,49.13,0
88,l,m,f,52.315,0
89,b,d,f,1.486,0
89,c,d,f,3.251,0
89,c,b,j,4.89,0
89,b,a,j,7.364,0
89,d,c,j,9.465,0
89,a,c,f,11.12,0
89,c,a,j,13.382,0
89,a,d,f,14.936,0
89,d,b,j,16.301,0
89,d,a,j,18.546,0
89,b,c,f,20.766,0
89,a,b,f,23.017,0
89,a,e,f,25.41,0
89,e,b,j,27.656,0
89,e,c,f,29.968,0
89,d,e,f,32.134,0
89,f,d,f,34.405,0
89,a,f,f,37.126,0
89,f,c,j,40.311,0
89,f,b,j,42.721,0
89,f,g,f,45.906,0
89,h,i,j,49.091,0
89,j,k,f,52.276,0
89,l,m,f,55.361,0
90,b,d,f,1.593,0
90,c,d,f,3.599,0
90,c,b,j,5.166,0
90,b,a,j,6.926,0
90,d,c,j,8.734,0
90,a,c,f,10.09,0
90,c,a,j,11.419,0
90,a,d,f,12.919,0
90,d,b,j,14.336,0
90,d,a,j,16.076,0
90,b,c,f,17.936,0
90,a,b,f,20.164,0
90,a,e,f,22.465,0
90,e,b,j,24.771,0
90,e,c,f,27.058,0
90,d,e,f,29.31,0
90,f,d,f,31.996,0
90,a,f,f,34.106,0
90,f,c,f,36.45,0
90,f,b,j,38.663,0
90,f,g,f,41.848,0
90,h,i,f,44.933,0
90,j,k,j,48.118,0
90,l,m,f,51.303,0
91,b,d,f,1.63,0
91,c,d,f,3.689,0
91,c,b,j,5.089,0
91,b,a,j,6.847,0
91,d,c,j,9.54,0
91,a,c,f,10.928,0
91,c,a,j,12.413,0
91,a,d,f,14.088,0
91,d,b,j,15.39,0
91,d,a,j,16.673,0
91,b,c,f,18.363,0
91,a,b,f,20.107,0
91,a,e,f,22.564,0
91,e,b,j,24.862,0
91,e,c,f,27.226,0
91,d,e,f,29.391,0
91,f,d,f,31.545,0
91,a,f,f,33.676,0
91,f,c,f,36.256,0
91,f,b,j,38.529,0
91,f,g,j,41.614,0
91,h,i,j,44.699,0
91,j,k,j,47.784,0
91,l,m,f,50.969,0
92,b,d,f,1.533,0
92,c,d,f,3.696,0
92,c,b,j,5.181,0
92,b,a,j,6.987,0
92,d,c,j,9.274,0
92,a,c,f,10.771,0
92,c,a,j,12.317,0
92,a,d,f,14.14,0
92,d,b,j,15.654,0
92,d,a,j,17.068,0
92,b,c,f,18.58,0
92,a,b,f,20.53,0
92,a,e,f,23.615,0
92,e,b,j,25.93,0
92,e,c,f,28.29,0
92,d,e,f,30.674,0
92,f,d,f,32.937,0
92,a,f,f,35.198,0
92,f,c,f,37.513,0
92,f,b,j,39.781,0
92,f,g,j,42.866,0
92,h,i,j,45.951,0
92,j,k,f,49.136,0
92,l,m,f,52.221,0
93,b,d,f,1.999,0
93,c,d,f,3.945,0
93,c,b,j,5.644,0
93,b,a,j,7.565,0
93,d,c,f,10.75,0
93,a,c,f,12.288,0
93,c,a,j,13.724,0
93,a,d,f,15.227,0
93,d,b,j,16.723,0
93,d,a,j,18.295,0
93,b,c,f,20.302,0
93,a,b,j,22.737,0
93,a,e,f,25.068,0
93,e,b,j,27.522,0
93,e,c,f,29.77,0
93,d,e,f,32.298,0
93,f,d,f,34.507,0
93,a,f,f,36.782,0
93,f,c,f,39.043,0
93,f,b,j,41.57,0
93,f,g,f,44.755,0
93,h,i,j,47.94,0
93,j,k,f,51.125,0
93,l,m,f,54.21,0
94,b,d,f,1.538,0
94,c,d,f,3.597,0
94,c,b,j,4.943,0
94,b,a,j,7.097,0
94,d,c,j,8.952,0
94,a,c,f,10.959,0
94,c,a,j,12.785,0
94,a,d,f,14.244,0
94,d,b,j,15.767,0
94,d,a,j,17.038,0
94,b,c,f,18.77,0
94,a,b,f,20.511,0
94,a,e,f,22.664,0
94,e,b,j,25.095,0
94,e,c,f,27.507,0
94,d,e,f,29.832,0
94,f,d,f,31.993,0
94,a,f,f,34.179,0
94,f,c,f,36.367,0
94,f,b,j,38.772,0
94,f,g,f,41.957,0
94,h,i,j,45.142,0
94,j,k,f,48.327,0
94,l,m,j,51.512,0
95,b,d,f,1.495,0
95,c,d,f,3.658,0
95,c,b,j,5.01,0
95,b,a,j,7.728,0
95,d,c,j,9.743,0
95,a,c,f,11.258,0
95,c,a,j,12.902,0
95,a,d,f,14.315,0
95,d,b,j,15.983,0
95,d,a,j,17.454,0
95,b,c,f,19.289,0
95,a,b,f,21.487,0
95,a,e,f,24.098,0
95,e,b,j,26.534,0
95,e,c,f,28.944,0
95,d,e,f,31.268,0
95,f,d,f,33.522,0
95,a,f,f,35.621,0
95,f,c,f,37.836,0
95,f,b,j,40.132,0
95,f,g,f,43.317,0
95,h,i,j,46.502,0
95,j,k,f,49.687,0
95,l,m,j,52.872,0
96,b,d,f,1.781,0
96,c,d,f,3.999,0
96,c,b,j,6.237,0
96,b,a,j,8.212,0
96,d,c,j,9.883,0
96,a,c,f,11.308,0
96,c,a,j,12.682,0
96,a,d,f,14.467,0
96,d,b,j,15.927,0
96,d,a,j,17.225,0
96,b,c,f,18.854,0
96,a,b,f,21.108,0
96,a,e,f,23.269,0
96,e,b,j,25.856,0
96,e,c,f,28.119,0
96,d,e,f,30.296,0
96,f,d,f,32.975,0
96,a,f,f,35.136,0
96,f,c,f,37.673,0
96,f,b,j,40.226,0
96,f,g,j,43.311,0
96,h,i,f,46.496,0
96,j,k,f,49.581,0
96,l,m,j,52.766,0
97,b,d,f,1.659,0
97,c,d,f,3.506,0
97,c,b,j,5.31,0
97,b,a,j,7.537,0
97,d,c,j,9.166,0
97,a,c,f,10.628,0
97,c,a,f,12.789,0
97,a,d,f,14.567,0
97,d,b,j,16.285,0
97,d,a,j,17.511,0
97,b,c,f,18.904,0
97,a,b,f,20.743,0
97,a,e,f,23.099,0
97,e,b,f,26.184,0
97,e,c,f,29.079,0
97,d,e,f,31.451,0
97,f,d,f,33.651,0
97,a,f,f,35.829,0
97,f,c,f,38.374,0
97,f,b,j,41.559,0
97,f,g,j,44.644,0
97,h,i,j,47.729,0
97,j,k,j,50.814,0
97,l,m,f,53.999,0
98,b,d,f,1.629,0
98,c,d,f,3.521,0
98,c,b,j,4.873,0
98,b,a,j,6.564,0
98,d,c,NIL,10.073,0
98,a,c,NIL,10.073,0
98,c,a,NIL,10.158,0
98,a,d,NIL,10.243,0
98,d,b,NIL,10.328,0
98,d,a,NIL,10.413,0
98,b,c,NIL,10.498,0
98,a,b,NIL,10.583,0
98,a,e,NIL,10.668,0
98,e,b,NIL,10.753,0
98,e,c,NIL,10.838,0
98,d,e,NIL,10.923,0
98,f,d,NIL,11.008,0
98,a,f,NIL,11.093,0
98,f,c,NIL,11.178,0
98,f,b,NIL,11.263,0
98,f,g,NIL,11.348,0
98,h,i,NIL,11.433,0
98,j,k,NIL,11.518,0
98,l,m,NIL,11.603,0
99,b,d,f,1.533,0
99,c,d,f,3.813,0
99,c,b,j,5.661,0
99,b,a,j,7.696,0
99,d,c,j,9.618,0
99,a,c,f,10.971,0
99,c,a,j,12.386,0
99,a,d,f,13.737,0
99,d,b,j,15.452,0
99,d,a,j,17.427,0
99,b,c,f,19.288,0
99,a,b,f,22.488,0
99,a,e,f,24.735,0
99,e,b,j,27.009,0
99,e,c,j,30.094,0
99,d,e,f,32.475,0
99,f,d,f,34.688,0
99,a,f,f,37.063,0
99,f,c,f,39.236,0
99,f,b,j,41.779,0
99,f,g,j,44.864,0
99,h,i,f,48.049,0
99,j,k,f,51.134,0
99,l,m,f,54.219,0
100,b,d,f,1.632,0
100,c,d,f,4.354,0
100,c,b,j,5.834,0
100,b,a,j,7.804,0
100,d,c,f,10.135,0
100,a,c,f,11.486,0
100,c,a,j,13.312,0
100,a,d,f,15.252,0
100,d,b,j,16.53,0
100,d,a,j,17.974,0
100,b,c,f,20.105,0
100,a,b,f,22.265,0
100,a,e,f,24.591,0
100,e,b,j,27.129,0
100,e,c,f,29.685,0
100,d,e,f,31.93,0
100,f,d,f,34.452,0
100,a,f,f,36.657,0
100,f,c,f,38.978,0
100,f,b,j,41.321,0
100,f,g,j,44.406,0
100,h,i,j,47.491,0
100,j,k,f,50.676,0
100,l,m,f,53.761,0
